_time,user,src_ip,action,status,host,country
2026-06-10T12:00:00Z,admin,185.21.44.10,login,failed,win-dc-01,Russia
2026-06-10T12:00:05Z,admin,185.21.44.10,login,failed,win-dc-01,Russia
2026-06-10T12:00:10Z,admin,185.21.44.10,login,failed,win-dc-01,Russia
2026-06-10T12:00:15Z,admin,185.21.44.10,login,failed,win-dc-01,Russia
2026-06-10T12:00:20Z,admin,185.21.44.10,login,failed,win-dc-01,Russia
2026-06-10T12:00:25Z,admin,185.21.44.10,login,failed,win-dc-01,Russia
2026-06-10T12:00:30Z,admin,185.21.44.10,login,failed,win-dc-01,Russia
2026-06-10T12:00:35Z,admin,185.21.44.10,login,failed,win-dc-01,Russia
2026-06-10T12:00:40Z,admin,185.21.44.10,login,failed,win-dc-01,Russia
2026-06-10T12:00:45Z,admin,185.21.44.10,login,failed,win-dc-01,Russia
2026-06-10T12:00:50Z,admin,185.21.44.10,login,failed,win-dc-01,Russia
2026-06-10T12:00:55Z,admin,185.21.44.10,login,failed,win-dc-01,Russia
2026-06-10T12:01:00Z,admin,185.21.44.10,login,failed,win-dc-01,Russia
2026-06-10T12:01:05Z,admin,185.21.44.10,login,failed,win-dc-01,Russia
2026-06-10T12:01:10Z,admin,185.21.44.10,login,failed,win-dc-01,Russia
2026-06-10T12:01:15Z,admin,185.21.44.10,login,failed,win-dc-01,Russia
2026-06-10T12:01:20Z,admin,185.21.44.10,login,failed,win-dc-01,Russia
2026-06-10T12:01:25Z,admin,185.21.44.10,login,failed,win-dc-01,Russia
2026-06-10T12:01:30Z,admin,185.21.44.10,login,failed,win-dc-01,Russia
2026-06-10T12:01:35Z,admin,185.21.44.10,login,failed,win-dc-01,Russia
2026-06-10T12:01:40Z,admin,185.21.44.10,login,failed,win-dc-01,Russia
2026-06-10T12:03:00Z,admin,185.21.44.10,login,success,win-dc-01,Russia
